burn;plan;sat;sold;process;-498
seeing;eager;powder;exclaimed;difficult;-492
usual;come;alike;itself;writer;-492
equipment;classroom;dead;aboard;yesterday;-482
wonderful;development;are;whatever;summer;-466
apple;farmer;want;over;experiment;-466
dust;expect;glass;underline;mistake;-455
except;size;flight;doubt;slope;-450
dream;nor;buy;firm;branch;-448
eaten;little;thy;begun;slightly;-448
pony;information;secret;paid;fort;-440
easier;slightly;go;variety;gulf;-418
take;nothing;tea;course;wrote;-411
dear;simple;firm;different;sleep;-402
evidence;surface;rest;all;himself;-402
myself;orbit;rough;street;mission;-381
putting;involved;bee;blew;kitchen;-381
slope;path;many;apartment;among;-376
fastened;turn;signal;wrong;young;-365
hundred;chain;north;situation;alike;-365
race;science;thirty;pure;wait;-365
regular;herself;gradually;contrast;eight;-347
dropped;remain;grandmother;pencil;vowel;-345
late;contrast;temperature;thy;serve;-345
loss;smooth;chair;simplest;sheep;-340
chose;up;broke;anywhere;limited;-340
rod;getting;mighty;wheat;present;-335
arm;passage;zoo;battle;nearest;-325
gather;riding;trace;gulf;dance;-325
center;strike;strange;car;youth;-322
flew;naturally;saddle;lot;spend;-322
matter;means;get;grade;perhaps;-322
sight;quick;change;practical;meat;-315
parts;clothes;wrapped;therefore;shaking;-313
national;decide;tape;refused;difficulty;-313
pay;cry;alone;bridge;sick;-307
these;cave;final;field;thick;-300
finest;mighty;entire;just;stepped;-300
steel;pool;another;comfortable;fear;-300
depend;sense;instead;must;police;-291
range;terrible;aboard;island;page;-283
chicken;act;farther;stretch;curve;-283
coast;negative;brought;brick;whispered;-255
ride;unusual;nails;within;beneath;-252
herself;almost;minute;local;busy;-240
yellow;bare;eight;hope;electricity;-233
ill;real;sale;sharp;century;-233
dawn;supply;triangle;shot;dull;-225
any;row;around;girl;right;-205
find;immediately;pain;mission;planet;-205
laid;understanding;clay;firm;rear;-182
everyone;finally;highway;mighty;cool;-182
sold;fifteen;lack;flag;blood;-163
push;cake;reach;speed;wolf;-162
house;steep;hair;cutting;hung;-162
broke;seven;shown;weight;condition;-162
choice;castle;blew;local;supply;-147
perfect;waste;does;fear;crack;-147
position;neighborhood;manufacturing;steam;practical;-147
into;middle;sitting;wrote;shake;-144
coast;paid;offer;coal;stared;-144
mirror;president;doctor;treated;plenty;-143
jump;bite;say;your;feet;-143
section;television;ruler;flight;higher;-132
naturally;package;musical;fair;trap;-122
unhappy;tightly;fat;fun;snow;-117
theory;pride;blind;river;age;-111
scientist;oxygen;according;principal;vast;-99
nation;scientific;me;uncle;recently;-99
independent;baseball;card;nation;country;-94
down;done;rough;dance;gift;-94
discover;rhyme;rough;seat;inside;-79
sale;without;somewhere;blue;unhappy;-62
identity;its;purple;scientist;building;-62
reason;captured;attention;step;empty;-53
western;neighborhood;prize;heard;giant;-53
brave;replied;remember;upon;plus;-53
powder;essential;shut;valley;cold;-50
battle;gray;leader;spite;near;-23
rabbit;fifty;ball;five;flight;-20
quiet;belong;region;dried;tongue;-17
among;pleasant;instance;amount;getting;-17
easily;hole;pleasant;live;neighbor;-17
discuss;temperature;freedom;official;pure;-4
talk;fighting;route;subject;frame;7
clear;dirty;clear;read;yourself;13
label;organized;way;more;community;20
afternoon;jungle;hot;copper;season;20
none;bit;most;mainly;apart;20
eat;nails;station;other;military;22
simple;straight;motion;aid;broad;22
trace;leather;movie;leather;wrapped;22
child;warn;pie;chemical;pull;43
harbor;way;outline;find;slide;43
luck;member;process;religious;accident;43
willing;against;sign;split;excited;43
exact;manufacturing;better;fat;farmer;64
somewhere;garage;enough;instance;rhyme;69
smile;crop;private;private;living;90
space;through;changing;orbit;greatly;90
native;circle;discuss;four;subject;93
